process_data_ms,total_processing_ms,full_loop_ms,total time,accuracy
87.408,19.725,6.411,0.000,0.000
9.729,5.891,3.902,127.225,0.000
17.887,5.115,6.686,42.993,0.000
9.764,6.554,5.706,41.734,0.000
12.431,10.325,4.668,33.437,0.000
15.325,4.766,5.068,42.051,0.000
12.511,5.993,5.733,34.787,0.000
8.859,5.965,4.188,30.794,0.000
9.607,4.487,6.080,25.489,0.000
13.623,4.648,7.070,26.284,0.000
11.770,4.761,4.618,32.385,0.000
9.250,6.253,6.170,27.312,0.000
8.914,5.989,4.291,27.121,0.000
12.773,5.349,5.857,26.281,0.000
10.583,4.983,5.890,30.936,0.000
9.370,4.714,7.114,27.271,0.000
10.072,5.132,5.591,26.580,0.000
10.064,4.481,6.341,25.802,0.000
13.141,4.764,5.416,26.972,0.000
16.755,5.121,3.230,29.613,0.000
8.900,5.147,8.186,31.905,0.000
10.691,5.880,6.961,27.688,0.000
13.505,4.619,4.950,30.248,0.000
11.682,6.244,5.544,28.261,0.000
10.969,4.723,6.944,30.234,0.000
8.808,4.664,3.475,28.478,0.000
10.749,4.642,4.702,22.354,0.000
13.803,4.691,5.548,27.213,0.000
12.961,7.505,4.920,29.180,0.000
8.486,5.772,4.458,31.910,0.000
9.639,5.083,6.038,25.361,0.000
13.658,4.580,5.780,34.290,0.000
11.174,5.204,4.853,32.098,0.000
10.104,4.766,3.049,27.170,0.000
10.495,6.148,5.926,28.441,0.000
10.594,4.453,5.092,29.316,0.000
12.507,4.510,4.977,27.597,0.000
8.585,6.063,4.715,28.763,0.000
10.767,7.101,6.302,25.204,0.000
9.267,5.703,4.039,35.667,0.000
9.781,5.202,5.164,29.092,0.000
9.242,8.911,6.280,29.100,0.000
12.208,4.852,4.976,30.750,0.000
11.706,8.798,2.408,27.953,0.000
10.063,4.668,4.879,29.955,0.000
14.139,4.680,5.386,28.124,0.000
11.543,7.169,6.305,31.322,0.000
9.982,6.515,8.093,30.169,0.000
11.044,4.733,5.958,31.756,0.000
15.116,4.226,4.073,28.694,0.000
12.259,6.602,3.378,30.030,0.000
9.140,5.258,3.862,27.926,0.000
11.551,9.028,2.575,24.380,0.000
8.502,4.502,7.879,32.344,0.000
12.279,4.488,5.933,32.720,0.000
14.263,10.733,4.224,30.985,0.000
19.350,8.810,6.082,34.254,0.000
9.516,4.564,4.861,45.575,0.000
16.982,4.439,6.469,26.723,0.000
10.179,8.045,4.438,33.900,0.000
10.592,4.688,9.062,28.960,0.000
8.008,4.581,5.179,30.665,0.000
11.703,4.469,7.371,23.597,0.000
13.668,4.564,4.841,30.749,0.000
16.160,9.540,4.977,28.379,0.000
11.418,5.101,5.449,37.257,0.000
8.793,5.947,5.410,28.484,0.000
11.414,4.603,4.390,28.891,0.000
9.194,6.640,6.247,26.373,0.000
10.571,4.724,9.516,29.060,0.000
9.703,4.797,4.778,31.213,0.000
10.237,4.541,7.415,25.723,0.000
14.081,4.469,4.589,30.613,0.000
12.813,4.600,5.967,29.013,0.000
10.456,4.686,6.334,29.076,0.000
13.927,5.195,11.595,28.363,0.000
12.014,4.973,4.167,44.141,0.000
12.005,5.239,4.026,27.779,0.000
10.090,4.864,5.100,27.589,0.000
8.183,4.649,5.580,25.671,0.000
12.516,4.327,5.485,24.879,0.000
13.685,7.010,6.223,29.895,0.000
13.662,6.067,4.822,34.488,0.000
23.141,14.256,6.088,31.481,0.000
10.452,5.957,7.713,56.066,0.000
16.392,4.995,5.749,35.100,0.000
28.137,4.845,5.431,38.988,0.000
18.847,7.652,9.871,78.392,0.000
13.252,5.117,5.759,58.228,0.000
21.140,5.224,4.899,36.399,0.000
20.365,6.224,5.973,44.725,0.000
16.182,5.625,5.422,43.247,0.000
12.858,7.574,8.006,42.531,0.000
14.142,6.768,8.785,40.383,0.000
12.781,5.514,8.654,47.575,0.000
12.840,6.418,4.846,38.072,0.000
9.719,6.038,4.293,34.355,0.000
14.941,7.178,4.019,42.066,0.000
18.129,4.793,5.780,38.024,0.000
17.376,4.441,6.477,41.564,0.000
15.728,4.957,5.410,42.225,0.000
17.305,4.615,5.277,39.124,0.000
13.588,5.135,3.665,42.657,0.000
11.025,7.028,7.023,43.330,0.000
11.827,7.026,7.590,44.530,0.000
10.410,5.148,10.761,42.915,0.000
18.739,12.355,9.369,44.250,0.000
14.083,8.925,7.069,55.120,0.000
12.301,6.783,6.150,44.639,0.000
18.882,5.750,10.002,38.633,0.000
16.266,6.067,7.971,43.575,0.000
15.527,5.857,9.501,45.099,0.000
18.383,4.755,5.115,47.635,0.000
19.791,10.931,13.249,40.640,0.000
19.746,10.484,5.024,60.515,0.000
17.276,11.148,3.568,54.324,0.000
18.492,8.337,6.886,51.679,0.000
15.920,5.565,2.923,54.699,0.000
16.674,10.589,3.607,43.648,0.000
9.896,5.894,4.908,39.568,0.000
19.250,10.792,3.777,33.334,0.000
14.077,5.198,2.468,46.152,0.000
13.115,5.657,3.248,33.034,0.000
15.321,5.145,3.687,33.814,0.000
9.554,5.800,7.904,37.023,0.000
11.807,7.424,3.991,33.059,0.000
12.224,6.481,5.906,39.263,0.000
9.509,6.535,4.793,42.552,0.000
10.090,7.112,4.192,37.207,0.000
8.356,4.943,3.100,29.489,0.000
11.998,6.250,2.418,25.019,0.000
10.931,7.315,4.450,27.523,0.000
15.068,6.030,6.433,32.995,0.000
14.814,4.659,3.694,33.311,0.000
26.025,5.001,3.590,33.131,0.000
21.963,5.687,3.140,43.155,0.000
21.441,5.577,5.022,41.117,0.000
16.159,7.151,5.905,44.794,0.000
17.600,9.850,4.611,43.416,0.000
13.808,7.897,3.881,60.015,0.000
10.422,6.876,5.564,55.008,0.000
17.739,7.567,3.586,29.820,0.000
16.829,6.639,3.051,42.970,0.000
14.285,8.750,2.642,43.671,0.000
11.421,5.863,5.836,49.975,0.000
14.449,7.728,6.910,37.091,0.000
13.702,5.886,4.804,43.657,0.000
15.800,5.556,5.733,39.522,0.000
12.597,6.482,5.847,46.236,0.000
18.759,7.453,4.013,39.906,0.000
9.082,5.932,5.039,43.408,0.000
15.894,6.751,4.082,32.035,0.000
8.287,5.465,2.562,34.380,0.000
10.472,5.706,4.039,24.522,0.000
19.470,5.574,6.309,29.241,0.000
16.736,11.685,5.731,49.348,0.000
12.358,10.172,8.604,49.945,0.000
10.172,5.189,3.784,45.015,0.000
11.818,8.238,8.071,30.893,0.000
11.254,5.397,2.452,39.090,0.000
16.394,7.017,2.966,35.693,0.000
18.463,4.703,2.772,38.317,0.000
17.079,9.624,6.145,37.047,0.000
15.667,4.789,2.450,42.145,0.000
21.065,5.136,2.461,44.108,0.000
17.265,6.407,3.636,40.482,0.000
18.162,7.135,4.706,41.753,0.000
13.780,6.201,5.515,43.495,0.000
16.043,5.406,3.411,38.949,0.000
23.936,7.295,4.929,36.637,0.000
13.573,5.924,2.627,50.034,0.000
12.212,6.555,2.691,35.083,0.000
12.944,8.347,6.462,33.499,0.000
9.260,6.511,2.259,34.326,0.000
10.557,5.094,5.866,29.945,0.000
12.297,5.904,2.613,32.506,0.000
14.288,5.110,2.934,31.509,0.000
17.254,5.754,2.811,29.543,0.000
16.890,6.468,2.591,33.483,0.000
12.786,5.883,5.957,38.621,0.000
15.090,9.553,7.095,34.939,0.000
18.360,8.318,5.844,41.225,0.000
18.323,7.355,1.978,44.185,0.000
11.618,11.159,6.861,53.857,0.000
9.714,5.801,6.305,45.193,0.000
14.583,7.246,3.985,41.604,0.000
9.659,5.844,4.334,35.764,0.000
8.424,5.865,2.767,32.769,0.000
9.782,4.826,2.358,23.850,0.000
12.914,4.845,3.135,23.853,0.000
15.995,4.683,3.067,27.045,0.000
16.366,8.313,2.697,34.058,0.000
16.810,4.669,2.322,46.773,0.000
16.075,6.718,3.774,34.168,0.000
15.506,6.101,3.375,34.959,0.000
15.824,6.248,2.709,37.565,0.000
9.530,5.514,4.643,40.559,0.000
15.839,8.121,6.205,33.710,0.000
11.050,5.453,6.313,46.874,0.000
12.053,6.872,2.974,42.390,0.000
10.263,4.855,2.836,37.878,0.000
9.211,6.595,5.696,36.472,0.000
11.945,7.524,4.630,33.707,0.000
14.261,6.039,7.357,33.722,0.000
11.583,7.567,9.148,39.019,0.000
15.299,6.252,3.433,40.024,0.000
9.244,7.466,4.738,37.433,0.000
10.463,8.866,8.279,35.243,0.000
20.832,6.572,5.395,49.908,0.000
12.987,7.114,2.833,44.647,0.000
16.890,5.601,2.680,43.977,0.000
17.730,4.802,2.056,44.667,0.000
20.711,5.499,2.834,38.802,0.000
21.659,5.004,3.283,44.753,0.000
16.651,7.752,5.838,43.668,0.000
14.798,4.801,2.746,43.019,0.000
18.619,4.503,2.949,38.681,0.000
13.129,6.637,3.023,41.876,0.000
11.919,8.419,3.890,37.323,0.000
12.425,5.111,6.253,40.677,0.000
14.342,5.227,3.164,41.927,0.000
16.369,5.498,3.141,36.952,0.000
12.371,7.176,4.813,39.927,0.000
10.873,5.061,3.314,36.180,0.000
13.303,6.343,3.711,30.116,0.000
12.998,4.689,3.465,39.797,0.000
14.216,5.771,3.580,37.699,0.000
13.178,4.979,4.426,34.317,0.000
12.723,6.256,3.809,36.413,0.000
14.742,5.543,2.903,36.810,0.000
14.088,5.772,4.165,35.857,0.000
18.219,5.881,4.632,43.187,0.000
12.563,10.187,3.600,41.115,0.000
14.128,9.713,6.701,37.192,0.000
9.907,7.252,3.983,43.637,0.000
8.143,5.263,2.728,41.625,0.000
14.989,5.806,2.967,30.330,0.000
14.805,5.848,2.435,33.408,0.000
13.061,4.656,2.804,33.754,0.000
11.447,10.726,2.949,33.036,0.000
11.849,5.394,3.636,35.079,0.000
7.547,6.296,3.693,34.500,0.000
15.983,4.813,4.122,26.171,0.000
14.495,6.379,3.202,33.875,0.000
13.918,5.709,3.715,42.248,0.000
18.493,6.643,8.635,40.719,0.000
13.149,7.182,3.481,49.298,0.000
11.622,7.174,3.361,36.022,0.000
12.727,6.255,3.109,37.140,0.000
14.301,6.729,2.512,37.364,0.000
16.311,5.620,2.147,36.846,0.000
17.417,6.591,3.152,34.378,0.000
21.729,5.220,2.603,39.066,0.000
19.849,7.509,4.559,41.767,0.000
15.960,8.233,4.282,42.902,0.000
17.909,6.840,2.339,40.018,0.000
15.935,6.085,2.673,36.773,0.000
10.799,8.867,3.996,40.932,0.000
10.737,6.011,3.697,36.511,0.000
10.751,7.533,3.481,31.674,0.000
11.836,6.282,4.340,31.752,0.000
14.634,4.549,3.036,33.023,0.000
17.873,8.316,2.285,29.487,0.000
20.233,4.707,2.476,39.862,0.000
24.804,5.094,2.666,39.563,0.000
11.676,6.223,3.664,48.776,0.000
16.327,5.563,2.546,37.567,0.000
10.338,8.774,3.890,48.054,0.000
12.626,5.393,5.192,42.241,0.000
12.773,5.427,2.371,35.821,0.000
11.349,7.623,3.819,36.182,0.000
10.315,6.057,3.915,30.448,0.000
10.579,6.417,2.582,27.971,0.000
8.956,5.154,2.867,32.010,0.000
13.640,4.976,3.061,30.649,0.000
16.892,5.035,2.870,32.102,0.000
12.040,5.735,2.376,33.342,0.000
11.713,6.649,4.601,29.160,0.000
13.100,5.594,2.507,32.449,0.000
9.939,5.955,2.734,31.834,0.000
10.619,5.663,2.848,31.007,0.000
9.533,5.154,3.384,29.011,0.000
8.851,5.199,3.004,30.674,0.000
12.183,7.924,3.496,31.166,0.000
16.924,4.616,3.067,36.016,0.000
16.131,5.289,4.071,37.352,0.000
17.457,4.884,2.499,44.671,0.000
14.460,7.235,2.516,45.042,0.000
13.630,10.709,2.414,43.142,0.000
11.803,5.760,2.569,41.472,0.000
13.084,5.361,3.083,35.431,0.000
10.144,5.313,2.885,32.324,0.000
8.676,5.152,2.378,28.423,0.000
8.738,5.559,4.559,27.694,0.000
11.235,5.286,3.244,30.984,0.000
14.531,4.851,2.878,30.670,0.000
15.102,5.664,3.243,35.041,0.000
16.306,5.677,2.594,36.678,0.000
10.089,6.815,6.156,38.092,0.000
14.903,9.645,12.902,40.205,0.000
10.530,5.461,5.260,51.727,0.000
11.607,5.872,3.259,33.610,0.000
14.677,4.946,5.186,34.458,0.000
14.070,5.449,4.692,38.555,0.000
12.928,5.890,2.889,37.738,0.000
13.721,6.647,8.662,31.446,0.000
16.484,7.666,8.686,43.111,0.000
11.467,5.264,6.033,46.053,0.000
12.945,5.741,4.571,36.367,0.000
11.763,5.362,4.377,32.506,0.000
26.410,6.299,4.444,34.072,0.000
10.906,4.539,2.840,51.438,0.000
18.856,6.926,2.783,34.480,0.000
19.219,4.940,4.258,38.819,0.000
16.413,5.590,2.754,40.867,0.000
13.950,4.957,3.753,35.005,0.000
13.058,7.269,4.829,33.414,0.000
14.877,8.362,4.420,34.140,0.000
17.970,5.569,6.244,36.630,0.000
9.465,5.031,4.408,39.011,0.000
14.270,6.877,5.893,32.380,0.000
14.024,5.777,6.192,34.601,0.000
12.767,7.066,7.718,43.692,0.000
12.553,5.430,4.675,41.067,0.000
14.779,4.848,3.744,40.354,0.000
16.709,4.797,3.614,41.086,0.000
17.413,4.881,4.325,41.204,0.000
16.007,6.572,3.369,40.044,0.000
13.787,8.121,4.295,39.851,0.000
12.887,6.049,4.287,39.992,0.000
18.101,7.101,6.148,42.319,0.000
25.609,11.868,4.865,53.115,0.000
18.445,4.735,4.390,68.961,0.000
16.618,4.829,3.949,46.082,0.000
11.035,7.902,3.205,42.088,0.000
13.638,6.391,6.696,39.622,0.000
14.844,6.222,4.764,40.977,0.000
15.349,5.412,3.158,43.081,0.000
15.159,7.121,3.505,39.459,0.000
19.328,6.559,6.546,43.526,0.000
17.734,5.092,3.530,50.123,0.000
9.265,5.282,3.250,37.453,0.000
9.439,7.391,2.936,28.910,0.000
10.208,5.584,3.713,37.081,0.000
9.192,4.825,3.213,34.600,0.000
13.284,5.553,5.093,28.046,0.000
11.041,5.627,5.867,31.302,0.000
15.044,7.062,3.929,31.565,0.000
10.918,5.086,3.081,38.106,0.000
12.524,4.745,3.342,34.376,0.000
9.899,5.860,5.387,33.498,0.000
13.661,9.903,7.923,29.408,0.000
9.475,5.024,2.698,40.053,0.000
15.279,6.168,8.976,30.169,0.000
13.193,7.954,5.484,39.864,0.000
18.134,7.498,5.251,39.335,0.000
17.735,5.523,4.452,43.208,0.000
16.608,4.611,2.772,38.005,0.000
16.622,5.387,3.717,38.422,0.000
15.445,7.589,3.132,42.176,0.000
20.111,6.110,5.994,40.426,0.000
16.355,7.241,2.839,43.238,0.000
17.357,5.704,3.820,36.484,0.000
23.735,8.584,3.291,39.279,0.000
20.894,6.125,5.150,59.836,0.000
15.963,5.922,3.748,39.944,0.000
12.522,7.420,3.455,35.839,0.000
12.406,6.107,3.615,31.976,0.000
13.124,5.045,3.758,32.080,0.000
10.284,5.502,2.936,32.034,0.000
12.161,5.190,2.533,31.856,0.000
16.672,4.943,2.851,31.849,0.000
15.045,6.925,3.349,36.217,0.000
18.398,9.892,4.107,35.809,0.000
17.921,7.163,3.554,43.769,0.000
10.559,5.857,5.547,39.077,0.000
12.932,5.430,3.230,39.825,0.000
18.887,6.059,4.161,38.381,0.000
17.929,6.853,8.338,44.368,0.000
17.816,4.809,3.416,42.754,0.000
11.692,5.467,4.746,36.191,0.000
9.568,5.429,9.113,36.724,0.000
11.464,4.961,6.577,36.083,0.000
10.164,6.167,5.899,35.776,0.000
17.116,5.787,5.906,39.890,0.000
19.781,10.381,9.515,38.663,0.000
10.969,7.626,6.671,59.339,0.000
18.518,9.053,5.099,36.706,0.000
11.482,7.746,3.979,42.493,0.000
13.659,6.073,7.788,38.489,0.000
11.051,7.983,7.620,41.979,0.000
11.651,6.576,8.464,42.312,0.000
13.650,4.640,6.692,41.919,0.000
17.930,4.739,7.027,40.014,0.000
13.589,4.785,4.366,41.056,0.000
22.819,5.023,4.137,39.001,0.000
17.506,5.731,5.473,46.878,0.000
12.415,4.860,7.909,44.724,0.000
18.437,6.617,6.460,43.719,0.000
15.742,5.339,3.885,44.538,0.000
16.166,5.080,9.134,38.289,0.000
10.881,4.839,8.802,43.938,0.000
12.128,7.948,5.549,48.918,0.000
12.756,4.930,6.731,46.589,0.000
14.261,4.931,5.416,44.003,0.000
21.832,5.711,4.213,48.574,0.000
12.661,5.085,2.428,45.648,0.000
19.996,5.384,2.599,43.115,0.000
15.939,4.930,3.314,41.319,0.000
14.010,5.860,4.989,43.345,0.000
9.726,5.901,6.577,40.389,0.000
11.282,6.444,2.344,42.900,0.000
9.736,7.413,2.863,32.001,0.000
12.374,6.580,4.228,30.047,0.000
8.279,5.461,3.010,31.542,0.000
11.554,5.917,2.737,26.878,0.000
16.218,5.387,2.355,29.300,0.000
10.886,4.865,2.174,34.447,0.000
10.552,5.584,3.942,31.617,0.000
11.785,6.516,7.782,30.895,0.000
13.432,4.903,2.383,33.720,0.000
8.545,5.891,2.451,30.552,0.000
9.868,7.189,3.658,24.361,0.000
8.716,5.501,4.723,28.849,0.000
8.675,5.406,3.334,27.600,0.000
12.530,4.958,3.330,28.001,0.000
12.131,4.941,2.421,28.413,0.000
18.277,5.532,5.472,29.989,0.000
9.273,6.296,2.768,41.403,0.000
15.320,9.310,7.255,31.426,0.000
17.648,5.503,2.439,45.801,0.000
20.005,6.410,2.836,45.249,0.000
14.763,7.097,3.498,44.458,0.000
13.735,9.787,2.940,39.942,0.000
14.380,6.313,2.723,41.706,0.000
11.110,4.789,2.565,38.820,0.000
10.470,5.846,4.491,35.640,0.000
19.034,5.610,2.637,34.322,0.000
14.834,8.051,2.655,44.858,0.000
17.265,8.198,3.478,45.366,0.000
7.701,5.832,2.059,50.151,0.000
8.386,5.810,3.978,30.794,0.000
15.405,5.358,4.457,36.005,0.000
16.218,5.020,2.417,35.084,0.000
15.586,4.808,2.532,34.297,0.000
18.603,4.943,2.091,38.764,0.000
18.426,5.314,3.613,40.514,0.000
14.662,5.440,4.639,46.070,0.000
22.022,6.023,5.255,43.419,0.000
16.156,8.100,6.503,54.759,1.000
24.989,11.830,8.110,53.453,1.000
28.416,8.758,6.794,67.542,1.000
21.588,9.527,4.753,78.616,1.000
15.060,8.634,3.697,70.011,1.000
22.761,8.713,17.173,56.852,1.000
44.065,6.159,4.568,83.555,1.000
14.569,12.927,8.964,78.495,1.000
22.339,6.084,2.752,65.820,1.000
45.161,6.377,5.086,50.075,1.000
14.778,4.752,3.740,75.695,1.000
53.256,10.669,6.690,43.793,1.000
14.747,7.706,4.647,91.466,1.000
31.175,8.420,2.545,42.616,1.000
9.315,14.304,4.677,68.748,1.000
15.149,10.613,6.694,81.247,1.000
54.059,42.039,20.884,50.515,1.000
12.826,5.012,2.294,128.062,1.000
29.843,6.177,4.280,34.345,1.000
24.484,10.554,9.708,50.647,1.000
16.630,11.227,6.691,57.594,1.000
15.407,5.478,7.126,54.891,1.000
16.308,7.040,8.254,50.719,1.000
18.558,10.563,6.613,50.793,1.000
35.204,12.641,4.307,47.012,1.000
27.133,10.277,1.927,70.694,1.000
11.205,4.567,1.732,71.919,0.000
8.250,7.605,2.436,26.931,0.000
7.411,5.442,5.293,24.915,0.000
10.306,4.430,1.756,25.778,0.000
10.269,4.550,1.837,22.227,0.000
8.084,5.953,3.687,22.623,0.000
7.816,7.442,3.884,23.102,0.000
5.874,5.300,3.124,25.430,0.000
5.985,4.440,1.935,21.026,0.000
9.823,6.922,2.959,18.836,0.000
6.888,8.626,2.106,25.555,0.000
6.889,5.273,7.943,22.575,0.000
6.011,8.048,2.110,25.398,0.000
5.945,4.276,2.339,21.757,0.000
10.420,4.446,2.463,20.720,0.000
7.622,10.815,4.749,23.593,0.000
5.926,7.159,2.052,28.263,0.000
5.842,4.456,2.242,20.114,0.000
8.280,5.273,2.257,18.218,0.000
6.944,8.113,2.141,22.121,0.000
5.907,6.105,5.292,22.372,0.000
5.857,7.265,2.558,22.031,0.000
9.203,5.141,2.191,21.485,0.000
8.589,7.281,3.282,21.845,0.000
8.132,5.045,3.696,26.289,0.000
6.235,5.562,3.450,22.162,0.000
6.770,4.425,2.064,20.288,0.000
10.917,4.636,2.117,19.163,0.000
8.552,5.272,2.993,24.042,0.000
7.703,5.710,2.147,22.316,0.000
9.260,6.150,2.530,20.326,0.000
8.358,4.394,2.320,25.033,0.000
6.809,8.714,2.229,20.781,0.000
13.157,5.973,2.587,22.788,0.000
8.650,6.768,2.511,26.701,0.000
5.941,4.344,1.982,23.149,0.000
6.131,4.899,2.068,17.399,0.000
21.003,6.848,2.437,23.273,0.000
10.326,4.426,1.935,36.128,0.000
7.521,6.002,2.602,38.016,0.000
10.931,8.456,2.627,24.173,0.000
7.276,7.670,2.944,28.707,0.000
15.572,8.260,2.594,23.706,0.000
7.900,7.385,4.251,31.780,0.000
5.836,5.380,3.309,28.570,0.000
7.031,4.535,2.014,23.584,0.000
9.720,5.317,1.908,22.910,0.000
7.418,7.358,5.200,22.641,0.000
5.942,6.526,2.435,25.269,0.000
7.187,5.296,3.407,21.675,0.000
10.769,4.591,2.015,25.567,0.000
9.197,6.706,3.211,24.460,0.000
7.612,5.658,2.011,24.154,0.000
7.157,6.625,2.822,20.256,0.000
7.066,4.624,1.879,22.234,0.000
13.030,7.096,2.477,20.693,0.000
6.796,5.050,2.008,27.403,0.000
7.694,7.125,2.751,19.499,0.000
8.667,5.241,2.465,23.741,0.000
9.678,6.727,2.772,21.903,0.000
8.803,4.989,2.605,24.482,0.000
6.558,6.066,3.087,21.497,0.000
11.277,5.270,2.770,20.673,0.000
9.181,4.586,2.005,25.737,0.000
12.749,4.585,1.862,26.959,0.000
7.527,5.338,2.229,24.608,0.000
8.120,4.612,1.815,20.034,0.000
9.161,5.286,3.042,21.868,0.000
7.495,5.373,2.376,23.064,0.000
7.529,5.081,1.908,20.385,0.000
7.648,4.556,3.575,19.338,0.000
13.638,5.079,3.164,21.229,0.000
10.611,4.575,1.861,27.533,0.000
6.675,6.127,3.030,24.425,0.000
20.742,6.060,2.932,21.544,0.000
10.141,4.497,2.020,40.453,0.000
11.738,5.865,2.120,24.174,0.000
7.470,5.416,2.954,28.512,0.000
8.148,5.318,2.030,22.179,0.000
6.489,5.232,3.253,21.745,0.000
8.872,4.433,2.008,22.161,0.000
8.596,5.087,3.278,20.779,0.000
10.024,8.366,2.588,23.948,0.000
7.561,4.886,2.292,27.750,0.000
8.704,4.442,2.162,24.479,0.000
9.712,5.092,7.872,20.529,0.000
7.285,5.237,2.402,31.411,0.000
8.579,5.449,2.541,21.648,0.000
11.079,4.610,2.679,23.048,0.000
9.007,4.583,2.563,23.799,0.000
15.040,4.697,2.578,24.899,0.000
9.136,7.086,3.708,29.292,0.000
11.063,4.686,2.830,28.911,0.000
11.576,4.965,2.866,28.116,0.000
8.682,6.615,2.509,28.179,0.000
17.381,7.366,3.129,23.637,0.000
9.178,4.976,2.443,34.167,0.000
10.525,6.679,2.544,22.136,0.000
9.539,4.412,2.388,28.899,0.000
15.262,4.480,2.485,21.265,0.000
5.846,4.249,2.632,29.620,0.000
7.730,7.233,6.222,17.305,0.000
8.200,8.233,2.873,29.073,0.000
9.319,5.063,3.827,24.531,0.000
7.442,4.980,3.294,32.806,0.000
11.450,7.520,3.660,22.697,0.000
5.784,4.298,2.687,28.124,0.000
6.990,4.668,3.234,17.655,0.000
8.439,7.385,2.698,21.495,0.000
6.772,7.470,3.416,24.195,0.000
5.959,5.492,2.779,28.231,0.000
6.889,6.759,2.973,20.238,0.000
7.912,4.353,2.409,23.597,0.000
6.995,11.596,14.569,20.329,0.000
8.619,13.861,8.254,38.600,0.000
9.481,5.887,4.263,35.448,0.000
6.675,4.544,2.399,34.323,0.000
8.473,4.957,2.693,18.702,0.000
7.496,4.936,3.551,23.787,0.000
10.226,21.385,9.246,20.559,0.000
9.602,15.126,6.161,45.762,0.000
10.188,5.775,3.968,37.051,0.000
6.350,5.203,3.326,37.718,0.000
6.389,5.704,2.833,20.108,0.000
5.931,4.938,3.065,19.951,0.000
6.347,4.728,3.164,19.123,0.000
7.306,10.409,2.723,19.759,0.000
10.568,4.990,2.782,25.769,0.000
5.900,5.092,2.559,27.312,0.000
6.040,4.333,2.986,19.284,0.000
12.436,9.614,3.436,20.059,0.000
8.777,4.849,6.146,31.397,0.000
9.007,4.370,3.535,24.926,0.000
5.923,4.254,2.836,22.068,0.000
5.923,4.264,2.634,17.581,0.000
8.154,4.320,2.937,17.388,0.000
11.659,7.648,3.604,20.597,0.000
10.659,7.181,2.873,27.749,0.000
8.488,4.397,2.701,29.486,0.000
9.116,6.822,3.637,21.603,0.000
7.326,5.778,3.934,25.715,0.000
5.792,5.887,2.868,21.845,0.000
16.513,7.151,5.345,19.045,0.000
6.053,7.261,3.127,36.321,0.000
7.010,4.176,2.473,22.836,0.000
7.591,4.852,2.809,18.643,0.000
6.526,5.180,2.931,23.250,0.000
5.943,4.509,2.738,19.263,0.000
6.484,6.271,3.194,17.798,0.000
9.759,5.647,3.062,23.764,0.000
6.269,5.340,4.536,27.135,0.000
5.743,5.343,2.790,22.925,0.000
5.850,4.299,2.394,18.798,0.000
6.412,4.230,2.662,18.346,0.000
6.841,4.685,3.182,21.231,0.000
5.844,4.594,3.104,20.247,0.000
20.299,4.837,2.690,18.075,0.000
6.017,7.571,7.033,36.052,0.000
6.914,5.630,3.825,38.071,0.000
5.877,4.497,2.664,21.614,0.000
5.856,5.051,3.005,17.546,0.000
5.912,4.332,2.623,19.213,0.000
23.311,4.980,2.792,17.796,0.000
5.893,4.426,2.634,37.701,0.000
6.098,6.701,2.837,32.686,0.000
5.912,5.012,3.304,26.362,0.000
6.179,4.247,2.598,18.957,0.000
8.225,4.311,2.687,18.751,0.000
8.293,4.455,2.400,20.450,0.000
8.698,4.291,2.714,20.582,0.000
6.003,5.575,3.736,20.833,0.000
5.865,4.724,2.819,19.974,0.000
6.203,4.716,2.985,17.937,0.000
6.456,4.284,2.595,32.214,0.000
9.508,8.044,3.617,19.074,0.000
8.424,5.692,2.614,26.447,0.000
6.053,4.387,2.665,25.668,0.000
5.980,4.360,2.695,17.788,0.000
8.819,5.779,4.852,19.490,0.000
13.745,4.443,2.652,25.123,0.000
7.847,7.861,3.263,26.264,0.000
6.811,4.921,2.792,26.200,0.000
5.810,4.316,2.570,19.373,0.000
5.889,5.025,2.671,17.444,0.000
21.694,4.973,2.827,19.677,0.000
6.010,6.747,2.871,36.160,0.000
5.913,4.739,3.152,20.818,0.000
5.803,4.377,2.700,18.925,0.000
6.553,4.281,2.687,18.361,0.000
5.870,5.405,3.626,19.405,0.000
5.996,5.360,3.496,19.667,0.000
6.069,4.684,2.702,20.218,0.000
5.782,4.768,2.452,18.152,0.000
5.781,4.326,2.531,17.718,0.000
6.560,4.237,2.523,18.194,0.000
5.995,5.028,3.381,19.259,0.000
7.902,4.470,2.376,18.902,0.000
6.405,6.482,2.359,32.866,0.000
8.340,6.023,3.473,25.258,0.000
5.989,4.891,3.954,22.872,0.000
6.125,5.586,3.589,23.208,0.000
6.538,4.763,2.179,20.926,0.000
19.870,5.637,3.065,18.585,0.000
5.956,4.504,2.292,33.809,0.000
5.904,4.236,2.191,19.447,0.000
6.109,5.167,2.708,18.653,0.000
5.822,4.976,2.893,18.851,0.000
6.261,9.593,2.770,18.632,0.000
8.704,8.700,2.384,25.672,0.000
9.560,6.819,4.128,28.532,0.000
14.073,6.313,3.333,32.258,0.000
6.348,4.970,3.299,29.274,0.000
7.006,4.201,2.372,19.470,0.000
7.067,4.174,2.674,19.510,0.000
7.775,5.978,2.460,20.342,0.000
6.402,5.585,2.410,21.330,0.000
6.263,4.449,2.987,19.572,0.000
8.266,4.216,2.144,19.750,0.000
8.909,4.918,3.024,19.867,0.000
5.805,5.147,2.488,24.145,0.000
5.871,24.225,2.798,17.969,0.000
6.787,6.562,2.705,38.959,0.000
7.699,4.296,2.119,33.781,0.000
5.917,5.798,2.888,21.632,0.000
5.899,4.210,2.282,19.114,0.000
6.749,4.296,2.023,16.888,0.000
10.185,4.861,2.148,18.281,0.000
7.482,5.509,2.984,22.169,0.000
6.586,5.656,2.090,20.538,0.000
6.441,4.193,1.791,19.051,0.000
8.196,4.303,1.962,16.891,0.000
8.134,4.984,1.972,20.347,0.000
5.744,5.375,2.256,19.679,0.000
5.817,4.398,2.043,18.510,0.000
9.902,4.809,2.074,16.962,0.000
6.119,5.539,2.517,21.977,0.000
6.074,4.746,1.853,18.854,0.000
5.766,4.370,1.986,18.119,0.000
5.958,4.368,1.749,17.746,0.000
7.991,7.005,1.830,17.201,0.000
6.816,5.228,2.953,25.452,0.000
5.855,4.750,2.051,23.740,0.000
5.959,4.370,1.857,17.209,0.000
5.924,5.300,3.284,17.317,0.000
6.671,5.707,2.345,19.323,0.000
6.433,5.203,1.875,20.622,0.000
6.842,4.308,1.836,17.999,0.000
6.532,4.386,1.814,17.505,0.000
7.601,5.502,1.834,18.246,0.000
5.913,4.726,1.999,20.287,0.000
5.803,4.707,1.936,17.209,0.000
6.641,4.393,1.863,18.055,0.000
11.050,4.243,1.868,18.549,0.000
20.020,4.570,1.786,22.184,0.000
6.815,6.019,2.828,33.561,0.000
6.396,5.605,1.980,20.936,0.000
7.231,4.463,1.862,19.274,0.000
8.081,4.253,1.795,19.105,0.000
6.770,5.129,2.744,19.274,0.000
5.913,5.171,1.760,19.447,0.000
5.923,4.281,2.174,17.503,0.000
8.557,4.624,1.947,17.357,0.000
7.270,6.248,2.357,20.274,0.000
5.795,5.301,1.804,20.412,0.000
5.841,4.249,2.079,17.431,0.000
5.935,4.298,1.888,16.711,0.000
8.044,4.449,1.786,17.117,0.000
6.051,5.177,2.222,20.504,0.000
5.845,4.309,1.931,18.511,0.000
8.630,4.178,1.813,17.207,0.000
5.996,4.802,2.630,19.689,0.000
6.562,4.835,2.034,18.247,0.000
6.493,6.117,2.947,20.030,0.000
5.972,4.967,2.068,20.525,0.000
6.683,4.414,2.005,18.085,0.000
6.048,5.051,2.931,18.455,0.000
6.632,5.533,2.086,19.352,0.000
7.084,5.214,1.990,18.809,0.000
5.976,4.295,1.983,19.542,0.000
10.350,4.270,1.892,17.566,0.000
6.138,4.669,2.594,21.811,0.000
6.066,5.156,2.195,17.877,0.000
5.846,4.381,1.944,19.651,0.000
6.502,4.481,2.113,16.612,0.000
6.982,5.110,2.065,18.573,0.000
8.695,17.739,2.835,18.655,0.000
20.944,4.797,2.396,34.496,0.000
9.870,4.348,2.129,35.237,0.000
8.320,4.759,1.962,21.898,0.000
6.242,5.025,2.814,20.189,0.000
5.794,5.903,2.104,19.701,0.000
7.009,4.611,2.237,18.327,0.000
9.032,8.327,2.360,18.359,0.000
7.132,6.259,3.460,25.156,0.000
6.050,4.815,3.023,22.702,0.000
7.197,9.864,4.276,19.041,0.000
6.647,4.421,1.951,26.912,0.000
9.270,4.756,2.142,19.737,0.000
7.877,6.543,2.864,22.171,0.000
7.932,5.233,1.957,21.802,0.000
6.727,4.283,1.812,19.774,0.000
28.508,6.415,2.495,17.298,0.000
11.385,16.990,2.144,43.330,0.000
13.707,7.785,3.900,36.255,0.000
10.779,11.712,3.748,42.741,0.000
9.932,5.816,2.443,32.178,0.000
8.422,4.738,2.543,26.278,0.000
8.340,6.745,4.875,20.688,0.000
7.194,6.908,2.385,25.444,0.000
5.976,7.008,2.074,21.476,0.000
10.344,4.804,5.110,20.392,0.000
9.693,4.646,2.069,26.406,0.000
6.622,5.680,2.886,22.133,0.000
6.520,4.678,2.575,19.721,0.000
6.468,6.108,2.957,18.367,0.000
12.149,5.717,3.678,23.190,0.000
6.451,5.897,2.373,26.475,0.000
6.094,5.512,2.018,21.629,0.000
5.824,4.523,1.899,18.569,0.000
6.675,4.576,1.860,16.830,0.000
6.524,4.702,2.506,18.686,0.000
13.345,4.609,2.064,20.482,0.000
6.054,4.752,1.945,28.814,0.000
5.924,4.110,1.936,19.095,0.000
7.704,4.208,1.878,16.813,0.000
7.638,5.167,2.620,19.032,0.000
8.532,5.465,2.965,20.512,0.000
6.612,8.804,3.325,22.937,0.000
6.939,4.413,1.862,23.749,0.000
6.413,5.137,1.871,20.939,0.000
9.424,5.196,1.911,18.969,0.000
5.863,5.600,2.417,21.665,0.000
6.406,6.968,2.923,18.420,0.000
12.503,5.814,2.047,24.361,0.000
11.307,4.959,2.291,26.870,0.000
7.040,4.772,1.762,26.869,0.000
6.167,4.192,1.636,19.109,0.000
6.040,4.295,1.809,16.725,0.000
8.441,4.252,1.726,17.241,0.000
6.465,5.144,2.162,19.617,0.000
7.805,6.271,3.400,18.350,0.000
9.679,4.436,1.966,23.861,0.000
7.342,5.376,2.786,22.169,0.000
6.767,4.793,2.159,23.444,0.000
6.548,5.197,1.897,19.028,0.000
5.955,4.169,1.857,18.860,0.000
6.410,4.945,2.031,16.473,0.000
6.920,4.453,2.047,33.436,0.000
10.625,4.567,1.878,18.664,0.000
5.962,8.681,2.923,23.392,0.000
6.150,5.589,2.098,22.379,0.000
12.219,4.711,1.889,20.170,0.000
6.816,6.712,2.423,24.013,0.000
6.534,5.806,2.796,22.408,0.000
6.014,8.378,10.408,22.609,0.000
19.001,5.001,1.968,32.790,0.000
7.662,4.483,1.936,33.428,0.000
8.159,6.928,4.206,22.065,0.000
11.554,5.502,1.860,24.702,0.000
6.465,4.685,1.965,31.896,0.000
10.463,6.214,1.886,17.558,0.000
7.594,4.210,1.947,24.253,0.000
15.118,5.448,2.850,22.921,0.000
6.524,4.854,1.904,28.581,0.000
6.238,5.226,2.636,17.954,0.000
6.962,7.179,2.644,20.741,0.000
12.525,4.603,1.681,22.641,0.000
7.059,4.918,2.762,28.723,0.000
6.533,6.555,2.751,20.327,0.000
8.180,5.298,1.776,20.985,0.000
9.468,8.133,2.422,20.638,0.000
8.715,7.599,2.847,25.585,0.000
7.282,5.947,1.951,24.284,0.000
6.015,4.798,2.045,22.276,0.000
6.161,5.862,2.010,19.116,0.000
8.063,5.355,2.022,24.603,0.000
6.551,6.962,3.773,20.830,0.000
6.671,4.641,2.982,22.929,0.000
13.182,6.139,2.239,22.595,0.000
9.058,4.267,2.023,26.733,0.000
6.215,17.916,7.992,22.864,0.000
5.915,8.832,2.707,40.530,0.000
10.391,6.888,2.770,22.150,0.000
7.984,4.560,2.352,26.192,0.000
6.473,8.934,2.788,22.758,0.000
5.926,5.273,4.454,23.620,0.000
6.244,5.975,3.167,20.535,0.000
6.030,4.283,2.806,22.442,0.000
6.327,12.899,3.442,21.404,0.000
6.037,4.546,4.161,29.454,0.000
6.578,5.297,2.788,20.760,0.000
6.458,5.144,2.828,22.909,0.000
6.701,7.270,4.424,19.410,0.000
10.014,4.630,2.775,23.428,0.000
7.847,6.151,2.691,26.089,0.000
6.908,5.506,2.939,22.760,0.000
5.999,5.704,2.295,22.532,0.000
8.182,4.666,2.653,21.661,0.000
7.687,8.388,6.456,20.809,0.000
12.737,10.385,2.495,29.212,0.000
6.545,5.879,3.150,30.540,0.000
5.895,4.299,2.687,20.156,0.000
5.998,4.266,2.913,18.157,0.000
6.889,10.645,3.496,19.642,0.000
9.609,6.796,3.117,25.968,0.000
6.106,4.991,2.604,26.190,0.000
8.490,4.641,2.836,24.151,0.000
10.454,4.279,2.300,21.421,0.000
6.772,4.582,3.534,24.315,0.000
6.981,5.044,3.429,21.567,0.000
6.799,13.761,2.946,22.500,0.000
11.225,4.607,2.457,30.780,0.000
8.284,7.729,2.986,30.289,0.000
5.788,5.358,2.486,25.979,0.000
6.486,4.222,2.382,19.020,0.000
9.964,4.246,2.262,17.907,0.000
7.385,5.390,2.524,25.351,0.000
11.196,4.359,2.262,19.884,0.000
6.176,5.193,3.042,37.565,0.000
8.741,7.869,2.664,21.070,0.000
7.070,4.508,2.370,29.618,0.000
9.319,4.767,2.270,26.693,0.000
6.669,5.005,3.183,31.079,0.000
6.995,4.366,2.229,22.824,0.000
6.723,4.207,2.177,18.751,0.000
6.799,5.107,3.027,24.616,0.000
5.869,4.709,2.062,21.987,0.000
6.516,5.130,3.837,17.164,0.000
7.574,8.500,2.291,28.170,0.000
12.870,4.533,2.030,26.000,0.000
6.918,6.423,2.786,28.064,0.000
9.608,5.875,2.312,22.084,0.000
5.826,4.264,2.005,25.228,0.000
9.232,4.396,2.274,16.535,0.000
8.514,4.204,2.175,22.847,0.000
7.501,6.470,2.742,22.311,0.000
6.925,7.283,1.982,22.578,0.000
7.034,7.511,3.351,21.204,0.000
12.256,7.432,2.105,23.389,0.000
10.641,5.914,2.016,26.818,0.000
9.387,4.692,2.138,25.880,0.000
11.217,4.589,2.048,27.003,0.000
5.938,6.053,1.998,29.517,0.000
6.630,4.139,1.948,19.342,0.000
8.509,4.693,2.108,20.347,0.000
7.572,15.278,8.464,20.353,0.000
20.588,5.217,2.936,39.111,0.000
6.676,6.150,2.953,33.899,0.000
5.890,4.421,2.011,28.036,0.000
6.112,5.220,1.923,17.139,0.000
8.133,5.088,2.938,20.824,0.000
6.609,6.218,2.845,20.780,0.000
5.859,4.270,1.999,20.606,0.000
6.809,5.405,2.946,18.698,0.000
8.776,4.581,2.294,36.296,0.000
6.932,8.827,3.740,22.428,0.000
11.606,4.675,2.098,30.350,0.000
7.232,5.174,2.375,29.831,0.000
5.742,4.346,2.090,24.270,0.000
7.105,4.468,2.155,17.653,0.000
7.462,4.676,2.002,20.804,0.000
7.120,8.999,4.355,19.819,0.000
10.757,5.103,2.078,25.175,0.000
9.804,6.378,2.413,23.861,0.000
11.335,4.516,3.347,28.133,0.000
12.777,7.660,2.642,25.109,0.000
6.410,5.197,2.125,27.962,0.000
8.127,4.834,2.484,18.803,0.000
10.226,6.266,2.256,20.713,0.000
12.493,5.527,2.306,24.605,0.000
8.180,5.043,5.253,30.973,0.000
6.916,5.392,2.767,24.619,0.000
8.821,4.283,2.492,21.288,0.000
11.972,5.233,2.871,21.465,0.000
7.762,7.599,3.802,27.071,0.000
15.394,8.266,4.036,24.033,0.000
7.044,4.588,2.269,32.790,0.000
11.886,7.839,3.624,21.869,0.000
7.592,5.126,3.321,29.194,0.000
5.894,5.305,2.436,20.535,0.000
6.011,6.074,4.373,18.276,0.000
6.104,6.205,3.657,23.180,0.000
6.629,6.085,3.369,20.997,0.000
9.388,6.836,4.498,20.684,0.000
7.065,4.956,2.449,25.183,0.000
5.986,12.833,3.170,20.366,0.000
9.687,4.464,2.178,27.339,0.000
8.749,5.622,2.378,25.414,0.000
5.910,4.701,2.372,25.587,0.000
6.610,5.242,2.527,17.606,0.000
8.320,5.307,2.169,21.333,0.000
7.346,5.266,2.492,21.049,0.000
5.944,5.862,2.950,19.773,0.000
6.093,8.089,3.181,19.701,0.000
10.103,4.717,2.260,22.403,0.000
6.609,11.850,3.096,22.640,0.000
7.525,7.554,2.770,27.912,0.000
5.949,5.818,3.211,24.233,0.000
5.791,4.391,2.043,19.843,0.000
8.303,4.582,2.677,18.026,0.000
6.611,5.819,3.332,20.746,0.000
9.275,9.073,4.529,21.799,0.000
8.406,5.641,2.221,28.087,0.000
6.443,4.430,2.060,23.419,0.000
7.879,4.305,1.967,17.482,0.000
7.042,4.643,3.093,20.813,0.000
7.216,4.441,1.945,19.457,0.000
5.966,4.392,2.155,32.052,0.000
11.351,7.930,2.023,18.231,0.000
7.161,6.604,2.286,27.331,0.000
9.871,6.188,2.713,21.032,0.000
5.880,4.323,2.295,23.827,0.000
8.069,5.113,2.300,17.636,0.000
7.601,8.503,3.758,21.683,0.000
9.527,4.620,2.228,24.866,0.000
7.707,7.605,2.237,22.398,0.000
12.831,6.773,1.961,23.123,0.000
6.628,4.555,3.931,27.340,0.000
6.510,4.237,2.032,19.649,0.000
6.569,4.824,2.575,18.700,0.000
6.516,5.107,3.387,18.792,0.000
6.620,6.329,3.501,20.476,0.000
6.659,7.038,2.884,21.325,0.000
8.306,4.460,2.203,22.218,0.000
8.522,4.487,2.112,24.543,0.000